Topic,Top Terms
Topic 00,cognitive,web,older,knowledge,modeling,accessibility,impact,constructing,analysis,models,experimental,input,towards,benefits,learning,health,users,environments,using,search
Topic 01,evaluating,system,navigation,interactive,model,displays,based,paradigm,accessibility,environment,adaptive,conversational,multimodal,toward,experimental,users,architecture,framework,health,designing
Topic 02,environments,using,hci,manipulation,during,framework,home,issue,display,experimental,input,method,access,analysis,media,cooperative,research,communication,text,practices
Topic 03,environments,using,hci,manipulation,during,framework,home,issue,display,experimental,input,method,access,analysis,media,cooperative,research,communication,text,practices
Topic 04,design,applications,human,through,development,practice,practices,awareness,based,making,framework,research,analysis,theory,embodied,sustainable,tangible,paradigm,collaboration,management
Topic 05,paper,command,system,interactive,applications,method,control,digital,role,integrating,based,objects,personal,benefits,evaluation,management,understanding,experimental,multimodal,evaluating
Topic 06,environments,using,hci,manipulation,during,framework,home,issue,display,experimental,input,method,access,analysis,media,cooperative,research,communication,text,practices
Topic 07,environments,using,hci,manipulation,during,framework,home,issue,display,experimental,input,method,access,analysis,media,cooperative,research,communication,text,practices
Topic 08,understanding,human,through,shared,interactive,constructing,access,human-computer,multimodal,accessibility,strategies,impact,architecture,communication,experimental,framework,space,data,tasks,display
Topic 09,using,between,differences,task,children,health,perceived,data,input,devices,language,towards,accessibility,multimodal,performance,based,analysis,access,activity,text
Topic 10,improving,model,graphical,use,tasks,techniques,presence,accessibility,perceived,adaptive,activity,based,applications,objects,analysis,framework,communication,search,role,system
Topic 11,interaction,issue,hci,embodied,theory,tangible,practice,sustainable,collaboration,human-computer,framework,environments,making,adaptive,conversational,control,tasks,task,children,design
Topic 12,information,use,method,digital,integrating,web,system,search,model,access,knowledge,graphical,tangible,technologies,framework,older,using,issue,paradigm,hci
Topic 13,support,approach,modeling,learning,architecture,environment,strategies,toward,development,control,providing,benefits,adaptive,conversational,applications,computing,groupware,making,real-time,tangible
Topic 14,mobile,interaction,supporting,users,design,human-computer,research,awareness,devices,management,framework,toward,computing,collaboration,models,technologies,space,adaptive,conversational,case
Topic 15,environments,using,hci,manipulation,during,framework,home,issue,display,experimental,input,method,access,analysis,media,cooperative,research,communication,text,practices
Topic 16,environments,using,hci,manipulation,during,framework,home,issue,display,experimental,input,method,access,analysis,media,cooperative,research,communication,text,practices
Topic 17,environments,using,hci,manipulation,during,framework,home,issue,display,experimental,input,method,access,analysis,media,cooperative,research,communication,text,practices
Topic 18,context,data,language,human-computer,health,analysis,conversational,case,computing,personal,activity,applications,users,architecture,constructing,strategies,using,access,multimodal,display
Topic 19,environments,using,hci,manipulation,during,framework,home,issue,display,experimental,input,method,access,analysis,media,cooperative,research,communication,text,practices
Topic 20,designing,social,support,that,navigation,framework,case,desktop,communication,based,paradigm,media,experimental,hci,health,applications,activity,approach,displays,collaboration
Topic 21,environments,using,hci,manipulation,during,framework,home,issue,display,experimental,input,method,access,analysis,media,cooperative,research,communication,text,practices
Topic 22,environments,using,hci,manipulation,during,framework,home,issue,display,experimental,input,method,access,analysis,media,cooperative,research,communication,text,practices
Topic 23,evaluation,are,privacy,that,applications,input,development,desktop,analysis,collaboration,activity,framework,search,perceived,communication,role,media,space,environments,groupware
Topic 24,environments,using,hci,manipulation,during,framework,home,issue,display,experimental,input,method,access,analysis,media,cooperative,research,communication,text,practices
Topic 25,patterns,language,learning,data,health,modeling,analysis,media,space,navigation,cooperative,strategies,access,personal,environment,multimodal,architecture,case,constructing,display
Topic 26,environments,using,hci,manipulation,during,framework,home,issue,display,experimental,input,method,access,analysis,media,cooperative,research,communication,text,practices
Topic 27,environments,using,hci,manipulation,during,framework,home,issue,display,experimental,input,method,access,analysis,media,cooperative,research,communication,text,practices
Topic 28,environments,using,hci,manipulation,during,framework,home,issue,display,experimental,input,method,access,analysis,media,cooperative,research,communication,text,practices
Topic 29,performance,tasks,selection,using,task,displays,menus,environment,framework,experimental,models,impact,interaction,perceived,adaptive,architecture,children,improving,differences,display
